-- SQL Manager 2008 Lite for SQL Server 3.2.0.1
-- ---------------------------------------
-- Host      : (local)
-- Database  : pdv
-- Version   : Microsoft SQL Server  9.00.1399.06


--
-- Dropping foreign key FK_FUNC_SUP_FUNCIONALIDADE : 
--

ALTER TABLE [dbo].[FUNCIONALIDADE]
  DROP CONSTRAINT [FK_FUNC_SUP_FUNCIONALIDADE]
GO

--
-- Dropping foreign key FK_FUNCIONALIDADE_FUNCIONALIDADE : 
--

ALTER TABLE [dbo].[FUNCIONALIDADE]
  DROP CONSTRAINT [FK_FUNCIONALIDADE_FUNCIONALIDADE]
GO

--
-- Dropping foreign key FK_FUNCIONALIDADE_PERFIL_FUNCIONALIDADE1 : 
--

ALTER TABLE [dbo].[PERFIL_FUNCIONALIDADE]
  DROP CONSTRAINT [FK_FUNCIONALIDADE_PERFIL_FUNCIONALIDADE1]
GO

--
-- Dropping foreign key FK_PERFIL_PERFIL_FUNCIONALIDADE : 
--

ALTER TABLE [dbo].[PERFIL_FUNCIONALIDADE]
  DROP CONSTRAINT [FK_PERFIL_PERFIL_FUNCIONALIDADE]
GO

--
-- Dropping foreign key FK__PERFIL_US__ID_PE__7D0E9093 : 
--

ALTER TABLE [dbo].[PERFIL_USUARIO]
  DROP CONSTRAINT [FK__PERFIL_US__ID_PE__7D0E9093]
GO

--
-- Data for table dbo.FUNCIONALIDADE  (LIMIT 0,500)
--

BEGIN TRANSACTION
GO

INSERT INTO [dbo].[FUNCIONALIDADE] ([ID], [ID_FUNC_SUPERIOR], [DESCRICAO], [SITUACAO], [URL], [LARGURA], [ALTURA])
VALUES 
  (1, NULL, N'Cadastros', N'S', NULL, 0, 0)
GO

INSERT INTO [dbo].[FUNCIONALIDADE] ([ID], [ID_FUNC_SUPERIOR], [DESCRICAO], [SITUACAO], [URL], [LARGURA], [ALTURA])
VALUES 
  (2, 1, N'Usuário', N'S', NULL, 0, 0)
GO

INSERT INTO [dbo].[FUNCIONALIDADE] ([ID], [ID_FUNC_SUPERIOR], [DESCRICAO], [SITUACAO], [URL], [LARGURA], [ALTURA])
VALUES 
  (3, 2, N'Inserir Usuário', N'S', N'usuario/inserirUsuario', 800, 500)
GO

INSERT INTO [dbo].[FUNCIONALIDADE] ([ID], [ID_FUNC_SUPERIOR], [DESCRICAO], [SITUACAO], [URL], [LARGURA], [ALTURA])
VALUES 
  (4, 2, N'Manter Usuário', N'S', N'usuario/consultarUsuario', 800, 500)
GO

INSERT INTO [dbo].[FUNCIONALIDADE] ([ID], [ID_FUNC_SUPERIOR], [DESCRICAO], [SITUACAO], [URL], [LARGURA], [ALTURA])
VALUES 
  (5, 1, N'Perfil', N'S', NULL, 0, 0)
GO

INSERT INTO [dbo].[FUNCIONALIDADE] ([ID], [ID_FUNC_SUPERIOR], [DESCRICAO], [SITUACAO], [URL], [LARGURA], [ALTURA])
VALUES 
  (6, 5, N'Inserir Perfil', N'S', N'perfil/inserirPerfil', 800, 500)
GO

INSERT INTO [dbo].[FUNCIONALIDADE] ([ID], [ID_FUNC_SUPERIOR], [DESCRICAO], [SITUACAO], [URL], [LARGURA], [ALTURA])
VALUES 
  (7, 5, N'Manter Perfil', N'S', N'perfil/consultarPerfil', 800, 500)
GO

INSERT INTO [dbo].[FUNCIONALIDADE] ([ID], [ID_FUNC_SUPERIOR], [DESCRICAO], [SITUACAO], [URL], [LARGURA], [ALTURA])
VALUES 
  (8, 1, N'Loja', N'S', NULL, 0, 0)
GO

INSERT INTO [dbo].[FUNCIONALIDADE] ([ID], [ID_FUNC_SUPERIOR], [DESCRICAO], [SITUACAO], [URL], [LARGURA], [ALTURA])
VALUES 
  (9, 8, N'Inserir Loja', N'S', N'loja/inserirLoja', 800, 500)
GO

INSERT INTO [dbo].[FUNCIONALIDADE] ([ID], [ID_FUNC_SUPERIOR], [DESCRICAO], [SITUACAO], [URL], [LARGURA], [ALTURA])
VALUES 
  (10, 8, N'Manter Loja', N'S', N'loja/consultarLoja', 800, 500)
GO

INSERT INTO [dbo].[FUNCIONALIDADE] ([ID], [ID_FUNC_SUPERIOR], [DESCRICAO], [SITUACAO], [URL], [LARGURA], [ALTURA])
VALUES 
  (11, 1, N'Componente', N'S', NULL, 0, 0)
GO

INSERT INTO [dbo].[FUNCIONALIDADE] ([ID], [ID_FUNC_SUPERIOR], [DESCRICAO], [SITUACAO], [URL], [LARGURA], [ALTURA])
VALUES 
  (12, 11, N'Inserir Componente', N'S', N'componente/inserirComponente', 800, 450)
GO

INSERT INTO [dbo].[FUNCIONALIDADE] ([ID], [ID_FUNC_SUPERIOR], [DESCRICAO], [SITUACAO], [URL], [LARGURA], [ALTURA])
VALUES 
  (13, 11, N'Manter Componente', N'S', N'componente/consultarComponente', 800, 450)
GO

INSERT INTO [dbo].[FUNCIONALIDADE] ([ID], [ID_FUNC_SUPERIOR], [DESCRICAO], [SITUACAO], [URL], [LARGURA], [ALTURA])
VALUES 
  (14, 1, N'Administração de Produtos', N'S', NULL, 0, 0)
GO

INSERT INTO [dbo].[FUNCIONALIDADE] ([ID], [ID_FUNC_SUPERIOR], [DESCRICAO], [SITUACAO], [URL], [LARGURA], [ALTURA])
VALUES 
  (15, 14, N'Grupo de Produto', N'S', NULL, 0, 0)
GO

INSERT INTO [dbo].[FUNCIONALIDADE] ([ID], [ID_FUNC_SUPERIOR], [DESCRICAO], [SITUACAO], [URL], [LARGURA], [ALTURA])
VALUES 
  (16, 15, N'Inserir Grupo Produto', N'S', N'grupoProduto/inserirGrupoProduto', 800, 600)
GO

INSERT INTO [dbo].[FUNCIONALIDADE] ([ID], [ID_FUNC_SUPERIOR], [DESCRICAO], [SITUACAO], [URL], [LARGURA], [ALTURA])
VALUES 
  (17, 15, N'Manter Grupo de Produto', N'S', N'grupoProduto/consultarGrupoProduto', 800, 600)
GO

INSERT INTO [dbo].[FUNCIONALIDADE] ([ID], [ID_FUNC_SUPERIOR], [DESCRICAO], [SITUACAO], [URL], [LARGURA], [ALTURA])
VALUES 
  (18, 14, N'Tipo de Produto', N'S', NULL, 0, 0)
GO

INSERT INTO [dbo].[FUNCIONALIDADE] ([ID], [ID_FUNC_SUPERIOR], [DESCRICAO], [SITUACAO], [URL], [LARGURA], [ALTURA])
VALUES 
  (19, 18, N'Inserir Tipo de Produto', N'S', N'tipoProduto/inserirTipoProduto', 800, 600)
GO

INSERT INTO [dbo].[FUNCIONALIDADE] ([ID], [ID_FUNC_SUPERIOR], [DESCRICAO], [SITUACAO], [URL], [LARGURA], [ALTURA])
VALUES 
  (20, 18, N'Manter Tipo de Produto', N'S', N'tipoProduto/consultarTipoProduto', 800, 600)
GO

INSERT INTO [dbo].[FUNCIONALIDADE] ([ID], [ID_FUNC_SUPERIOR], [DESCRICAO], [SITUACAO], [URL], [LARGURA], [ALTURA])
VALUES 
  (21, 14, N'Produto', N'S', NULL, 0, 0)
GO

INSERT INTO [dbo].[FUNCIONALIDADE] ([ID], [ID_FUNC_SUPERIOR], [DESCRICAO], [SITUACAO], [URL], [LARGURA], [ALTURA])
VALUES 
  (22, 21, N'Inserir Produto', N'S', N'produto/inserirProduto', 550, 450)
GO

INSERT INTO [dbo].[FUNCIONALIDADE] ([ID], [ID_FUNC_SUPERIOR], [DESCRICAO], [SITUACAO], [URL], [LARGURA], [ALTURA])
VALUES 
  (23, 21, N'Manter Produto', N'S', N'produto/consultarProduto', 800, 600)
GO

INSERT INTO [dbo].[FUNCIONALIDADE] ([ID], [ID_FUNC_SUPERIOR], [DESCRICAO], [SITUACAO], [URL], [LARGURA], [ALTURA])
VALUES 
  (24, 14, N'Unidade', N'S', NULL, 0, 0)
GO

INSERT INTO [dbo].[FUNCIONALIDADE] ([ID], [ID_FUNC_SUPERIOR], [DESCRICAO], [SITUACAO], [URL], [LARGURA], [ALTURA])
VALUES 
  (25, 24, N'Inserir Unidade', N'S', N'unidade/inserirUnidade', 800, 600)
GO

INSERT INTO [dbo].[FUNCIONALIDADE] ([ID], [ID_FUNC_SUPERIOR], [DESCRICAO], [SITUACAO], [URL], [LARGURA], [ALTURA])
VALUES 
  (26, 24, N'Manter Unidade', N'S', N'unidade/consultarUnidade', 800, 600)
GO

INSERT INTO [dbo].[FUNCIONALIDADE] ([ID], [ID_FUNC_SUPERIOR], [DESCRICAO], [SITUACAO], [URL], [LARGURA], [ALTURA])
VALUES 
  (27, 14, N'Imposto', N'S', NULL, 0, 0)
GO

INSERT INTO [dbo].[FUNCIONALIDADE] ([ID], [ID_FUNC_SUPERIOR], [DESCRICAO], [SITUACAO], [URL], [LARGURA], [ALTURA])
VALUES 
  (28, 27, N'Inserir Imposto', N'S', N'imposto/inserirImposto', 800, 600)
GO

INSERT INTO [dbo].[FUNCIONALIDADE] ([ID], [ID_FUNC_SUPERIOR], [DESCRICAO], [SITUACAO], [URL], [LARGURA], [ALTURA])
VALUES 
  (29, 27, N'Manter Imposto', N'S', N'imposto/consultarImposto', 800, 600)
GO

INSERT INTO [dbo].[FUNCIONALIDADE] ([ID], [ID_FUNC_SUPERIOR], [DESCRICAO], [SITUACAO], [URL], [LARGURA], [ALTURA])
VALUES 
  (30, 1, N'Forma de Recebimento', N'S', NULL, 0, 0)
GO

INSERT INTO [dbo].[FUNCIONALIDADE] ([ID], [ID_FUNC_SUPERIOR], [DESCRICAO], [SITUACAO], [URL], [LARGURA], [ALTURA])
VALUES 
  (31, 30, N'Inserir Forma de Recebimento', N'S', N'formaRecebimento/inserirFormaRecebimento', 800, 600)
GO

INSERT INTO [dbo].[FUNCIONALIDADE] ([ID], [ID_FUNC_SUPERIOR], [DESCRICAO], [SITUACAO], [URL], [LARGURA], [ALTURA])
VALUES 
  (32, 30, N'Manter Forma de Recebimento', N'S', N'formaRecebimento/consultarFormaRecebimento', 800, 600)
GO

INSERT INTO [dbo].[FUNCIONALIDADE] ([ID], [ID_FUNC_SUPERIOR], [DESCRICAO], [SITUACAO], [URL], [LARGURA], [ALTURA])
VALUES 
  (33, 1, N'Plano de Pagamento', N'S', NULL, 0, 0)
GO

INSERT INTO [dbo].[FUNCIONALIDADE] ([ID], [ID_FUNC_SUPERIOR], [DESCRICAO], [SITUACAO], [URL], [LARGURA], [ALTURA])
VALUES 
  (34, 33, N'Inserir Plano de Pagamento', N'S', N'planoPagamento/inserirPlanoPagamento', 800, 600)
GO

INSERT INTO [dbo].[FUNCIONALIDADE] ([ID], [ID_FUNC_SUPERIOR], [DESCRICAO], [SITUACAO], [URL], [LARGURA], [ALTURA])
VALUES 
  (35, 33, N'Manter Plano de Pagamento', N'S', N'planoPagamento/consultarPlanoPagamento', 800, 600)
GO

INSERT INTO [dbo].[FUNCIONALIDADE] ([ID], [ID_FUNC_SUPERIOR], [DESCRICAO], [SITUACAO], [URL], [LARGURA], [ALTURA])
VALUES 
  (36, 1, N'Estoque', N'S', NULL, 0, 0)
GO

INSERT INTO [dbo].[FUNCIONALIDADE] ([ID], [ID_FUNC_SUPERIOR], [DESCRICAO], [SITUACAO], [URL], [LARGURA], [ALTURA])
VALUES 
  (37, 36, N'Inserir Estoque', N'S', N'estoque/inserirEstoque', 800, 600)
GO

INSERT INTO [dbo].[FUNCIONALIDADE] ([ID], [ID_FUNC_SUPERIOR], [DESCRICAO], [SITUACAO], [URL], [LARGURA], [ALTURA])
VALUES 
  (38, 36, N'Manter Estoque', N'S', N'estoque/consultarEstoque', 800, 600)
GO

INSERT INTO [dbo].[FUNCIONALIDADE] ([ID], [ID_FUNC_SUPERIOR], [DESCRICAO], [SITUACAO], [URL], [LARGURA], [ALTURA])
VALUES 
  (39, NULL, N'Operações', N'S', NULL, 0, 0)
GO

INSERT INTO [dbo].[FUNCIONALIDADE] ([ID], [ID_FUNC_SUPERIOR], [DESCRICAO], [SITUACAO], [URL], [LARGURA], [ALTURA])
VALUES 
  (40, 39, N'Liberar Carga de Dados', N'S', N'lote/liberaDados', 800, 300)
GO

INSERT INTO [dbo].[FUNCIONALIDADE] ([ID], [ID_FUNC_SUPERIOR], [DESCRICAO], [SITUACAO], [URL], [LARGURA], [ALTURA])
VALUES 
  (41, NULL, N'Clientes', N'S', NULL, 0, 0)
GO

INSERT INTO [dbo].[FUNCIONALIDADE] ([ID], [ID_FUNC_SUPERIOR], [DESCRICAO], [SITUACAO], [URL], [LARGURA], [ALTURA])
VALUES 
  (42, 41, N'Administração de Clientes', N'S', NULL, 0, 0)
GO

INSERT INTO [dbo].[FUNCIONALIDADE] ([ID], [ID_FUNC_SUPERIOR], [DESCRICAO], [SITUACAO], [URL], [LARGURA], [ALTURA])
VALUES 
  (43, 42, N'Inserir Cliente', N'S', N'cliente/inserirCliente', 800, 500)
GO

INSERT INTO [dbo].[FUNCIONALIDADE] ([ID], [ID_FUNC_SUPERIOR], [DESCRICAO], [SITUACAO], [URL], [LARGURA], [ALTURA])
VALUES 
  (44, 42, N'Manter Cliente', N'S', N'cliente/consultarCliente', 800, 500)
GO

INSERT INTO [dbo].[FUNCIONALIDADE] ([ID], [ID_FUNC_SUPERIOR], [DESCRICAO], [SITUACAO], [URL], [LARGURA], [ALTURA])
VALUES 
  (45, 66, N'Entrada de Produto', N'S', NULL, 0, 0)
GO

INSERT INTO [dbo].[FUNCIONALIDADE] ([ID], [ID_FUNC_SUPERIOR], [DESCRICAO], [SITUACAO], [URL], [LARGURA], [ALTURA])
VALUES 
  (46, 45, N'Inserir Entrada de Produtos', N'S', N'entradaProduto/inserirEntradaProduto', 800, 600)
GO

INSERT INTO [dbo].[FUNCIONALIDADE] ([ID], [ID_FUNC_SUPERIOR], [DESCRICAO], [SITUACAO], [URL], [LARGURA], [ALTURA])
VALUES 
  (47, 45, N'Consultar Entrada de Produtos', N'S', N'entradaProduto/consultarEntradaProduto', 800, 600)
GO

INSERT INTO [dbo].[FUNCIONALIDADE] ([ID], [ID_FUNC_SUPERIOR], [DESCRICAO], [SITUACAO], [URL], [LARGURA], [ALTURA])
VALUES 
  (48, 66, N'Movimentação de Produto entre Estoques', N'S', NULL, 0, 0)
GO

INSERT INTO [dbo].[FUNCIONALIDADE] ([ID], [ID_FUNC_SUPERIOR], [DESCRICAO], [SITUACAO], [URL], [LARGURA], [ALTURA])
VALUES 
  (49, 48, N'Inserir Movimentação de Produto entre Estoques', N'S', N'movimentacaoEstoque/inserirMovimentacaoEstoque', 800, 600)
GO

INSERT INTO [dbo].[FUNCIONALIDADE] ([ID], [ID_FUNC_SUPERIOR], [DESCRICAO], [SITUACAO], [URL], [LARGURA], [ALTURA])
VALUES 
  (50, 48, N'Consultar Movimentação de Produto entre Estoques', N'S', N'movimentacaoEstoque/consultarMovimentacaoEstoque', 800, 600)
GO

INSERT INTO [dbo].[FUNCIONALIDADE] ([ID], [ID_FUNC_SUPERIOR], [DESCRICAO], [SITUACAO], [URL], [LARGURA], [ALTURA])
VALUES 
  (51, 66, N'Ajuste de Estoque', N'S', NULL, 0, 0)
GO

INSERT INTO [dbo].[FUNCIONALIDADE] ([ID], [ID_FUNC_SUPERIOR], [DESCRICAO], [SITUACAO], [URL], [LARGURA], [ALTURA])
VALUES 
  (52, 51, N'Inserir Ajustes de Estoque', N'S', N'ajusteEstoque/inserirAjusteEstoque', 800, 600)
GO

INSERT INTO [dbo].[FUNCIONALIDADE] ([ID], [ID_FUNC_SUPERIOR], [DESCRICAO], [SITUACAO], [URL], [LARGURA], [ALTURA])
VALUES 
  (53, 51, N'Consultar Ajuste de Estoque', N'S', N'ajusteEstoque/consultarAjusteEstoque', 800, 600)
GO

INSERT INTO [dbo].[FUNCIONALIDADE] ([ID], [ID_FUNC_SUPERIOR], [DESCRICAO], [SITUACAO], [URL], [LARGURA], [ALTURA])
VALUES 
  (54, 1, N'Autorizadora', N'S', NULL, 0, 0)
GO

INSERT INTO [dbo].[FUNCIONALIDADE] ([ID], [ID_FUNC_SUPERIOR], [DESCRICAO], [SITUACAO], [URL], [LARGURA], [ALTURA])
VALUES 
  (55, 54, N'Inserir Autorizadora', N'S', N'autorizadora/inserirAutorizadora', 800, 600)
GO

INSERT INTO [dbo].[FUNCIONALIDADE] ([ID], [ID_FUNC_SUPERIOR], [DESCRICAO], [SITUACAO], [URL], [LARGURA], [ALTURA])
VALUES 
  (56, 54, N'Consultar Autorizadora', N'S', N'autorizadora/consultarAutorizadora', 800, 600)
GO

INSERT INTO [dbo].[FUNCIONALIDADE] ([ID], [ID_FUNC_SUPERIOR], [DESCRICAO], [SITUACAO], [URL], [LARGURA], [ALTURA])
VALUES 
  (57, 1, N'Plano de Pagamento Cheque Pré-Datado', N'S', NULL, 0, 0)
GO

INSERT INTO [dbo].[FUNCIONALIDADE] ([ID], [ID_FUNC_SUPERIOR], [DESCRICAO], [SITUACAO], [URL], [LARGURA], [ALTURA])
VALUES 
  (58, 57, N'Inserir Plano de Pagamento Cheque Pré-Datado', N'S', N'planoPagamentoChequePre/inserirPlanoPagamentoChequePre', 800, 600)
GO

INSERT INTO [dbo].[FUNCIONALIDADE] ([ID], [ID_FUNC_SUPERIOR], [DESCRICAO], [SITUACAO], [URL], [LARGURA], [ALTURA])
VALUES 
  (59, 57, N'Manter Plano de Pagamento Cheque Pré-Datado', N'S', N'planoPagamentoChequePre/consultarPlanoPagamentoChequePre', 800, 600)
GO

INSERT INTO [dbo].[FUNCIONALIDADE] ([ID], [ID_FUNC_SUPERIOR], [DESCRICAO], [SITUACAO], [URL], [LARGURA], [ALTURA])
VALUES 
  (60, 39, N'Pagamento de Contas', N'S', NULL, 0, 0)
GO

INSERT INTO [dbo].[FUNCIONALIDADE] ([ID], [ID_FUNC_SUPERIOR], [DESCRICAO], [SITUACAO], [URL], [LARGURA], [ALTURA])
VALUES 
  (61, 60, N'Inserir Pagamento', N'S', N'clientePagamento/inserirClientePagamento', 800, 600)
GO

INSERT INTO [dbo].[FUNCIONALIDADE] ([ID], [ID_FUNC_SUPERIOR], [DESCRICAO], [SITUACAO], [URL], [LARGURA], [ALTURA])
VALUES 
  (62, 60, N'Consultar Pagamentos', N'S', N'clientePagamento/consultarClientePagamento', 800, 600)
GO

INSERT INTO [dbo].[FUNCIONALIDADE] ([ID], [ID_FUNC_SUPERIOR], [DESCRICAO], [SITUACAO], [URL], [LARGURA], [ALTURA])
VALUES 
  (63, 1, N'Fornecedores', N'S', NULL, 0, 0)
GO

INSERT INTO [dbo].[FUNCIONALIDADE] ([ID], [ID_FUNC_SUPERIOR], [DESCRICAO], [SITUACAO], [URL], [LARGURA], [ALTURA])
VALUES 
  (64, 63, N'Inserir Fornecedor', N'S', N'fornecedor/inserirFornecedor', 800, 600)
GO

INSERT INTO [dbo].[FUNCIONALIDADE] ([ID], [ID_FUNC_SUPERIOR], [DESCRICAO], [SITUACAO], [URL], [LARGURA], [ALTURA])
VALUES 
  (65, 63, N'Manter Fornecedor', N'S', N'fornecedor/consultarFornecedor', 800, 600)
GO

INSERT INTO [dbo].[FUNCIONALIDADE] ([ID], [ID_FUNC_SUPERIOR], [DESCRICAO], [SITUACAO], [URL], [LARGURA], [ALTURA])
VALUES 
  (66, 39, N'Movimentações', N'S', NULL, 800, 600)
GO

INSERT INTO [dbo].[FUNCIONALIDADE] ([ID], [ID_FUNC_SUPERIOR], [DESCRICAO], [SITUACAO], [URL], [LARGURA], [ALTURA])
VALUES 
  (67, NULL, N'Relatórios', N'S', NULL, 800, 600)
GO

INSERT INTO [dbo].[FUNCIONALIDADE] ([ID], [ID_FUNC_SUPERIOR], [DESCRICAO], [SITUACAO], [URL], [LARGURA], [ALTURA])
VALUES 
  (999, NULL, N'Logout', N'S', N'logout', 0, 0)
GO

COMMIT
GO

--
-- Data for table dbo.PERFIL_USUARIO  (LIMIT 0,500)
--

BEGIN TRANSACTION
GO

INSERT INTO [dbo].[PERFIL_USUARIO] ([ID], [ID_PERFIL_SUPERIOR], [DESCRICAO], [PERCENTUAL_DESC])
VALUES 
  (1, NULL, N'Administrador', N'10')
GO

INSERT INTO [dbo].[PERFIL_USUARIO] ([ID], [ID_PERFIL_SUPERIOR], [DESCRICAO], [PERCENTUAL_DESC])
VALUES 
  (2, 1, N'Gerente', N'0')
GO

INSERT INTO [dbo].[PERFIL_USUARIO] ([ID], [ID_PERFIL_SUPERIOR], [DESCRICAO], [PERCENTUAL_DESC])
VALUES 
  (3, 2, N'Fiscal', N'0')
GO

INSERT INTO [dbo].[PERFIL_USUARIO] ([ID], [ID_PERFIL_SUPERIOR], [DESCRICAO], [PERCENTUAL_DESC])
VALUES 
  (4, 3, N'Operador', N'0')
GO

COMMIT
GO

--
-- Data for table dbo.PERFIL_FUNCIONALIDADE  (LIMIT 0,500)
--

BEGIN TRANSACTION
GO

INSERT INTO [dbo].[PERFIL_FUNCIONALIDADE] ([ID_PERFIL], [ID_FUNCIONALIDADE])
VALUES 
  (1, 1)
GO

INSERT INTO [dbo].[PERFIL_FUNCIONALIDADE] ([ID_PERFIL], [ID_FUNCIONALIDADE])
VALUES 
  (1, 2)
GO

INSERT INTO [dbo].[PERFIL_FUNCIONALIDADE] ([ID_PERFIL], [ID_FUNCIONALIDADE])
VALUES 
  (1, 3)
GO

INSERT INTO [dbo].[PERFIL_FUNCIONALIDADE] ([ID_PERFIL], [ID_FUNCIONALIDADE])
VALUES 
  (1, 4)
GO

INSERT INTO [dbo].[PERFIL_FUNCIONALIDADE] ([ID_PERFIL], [ID_FUNCIONALIDADE])
VALUES 
  (1, 5)
GO

INSERT INTO [dbo].[PERFIL_FUNCIONALIDADE] ([ID_PERFIL], [ID_FUNCIONALIDADE])
VALUES 
  (1, 6)
GO

INSERT INTO [dbo].[PERFIL_FUNCIONALIDADE] ([ID_PERFIL], [ID_FUNCIONALIDADE])
VALUES 
  (1, 7)
GO

INSERT INTO [dbo].[PERFIL_FUNCIONALIDADE] ([ID_PERFIL], [ID_FUNCIONALIDADE])
VALUES 
  (1, 8)
GO

INSERT INTO [dbo].[PERFIL_FUNCIONALIDADE] ([ID_PERFIL], [ID_FUNCIONALIDADE])
VALUES 
  (1, 9)
GO

INSERT INTO [dbo].[PERFIL_FUNCIONALIDADE] ([ID_PERFIL], [ID_FUNCIONALIDADE])
VALUES 
  (1, 10)
GO

INSERT INTO [dbo].[PERFIL_FUNCIONALIDADE] ([ID_PERFIL], [ID_FUNCIONALIDADE])
VALUES 
  (1, 11)
GO

INSERT INTO [dbo].[PERFIL_FUNCIONALIDADE] ([ID_PERFIL], [ID_FUNCIONALIDADE])
VALUES 
  (1, 12)
GO

INSERT INTO [dbo].[PERFIL_FUNCIONALIDADE] ([ID_PERFIL], [ID_FUNCIONALIDADE])
VALUES 
  (1, 13)
GO

INSERT INTO [dbo].[PERFIL_FUNCIONALIDADE] ([ID_PERFIL], [ID_FUNCIONALIDADE])
VALUES 
  (1, 14)
GO

INSERT INTO [dbo].[PERFIL_FUNCIONALIDADE] ([ID_PERFIL], [ID_FUNCIONALIDADE])
VALUES 
  (1, 15)
GO

INSERT INTO [dbo].[PERFIL_FUNCIONALIDADE] ([ID_PERFIL], [ID_FUNCIONALIDADE])
VALUES 
  (1, 16)
GO

INSERT INTO [dbo].[PERFIL_FUNCIONALIDADE] ([ID_PERFIL], [ID_FUNCIONALIDADE])
VALUES 
  (1, 17)
GO

INSERT INTO [dbo].[PERFIL_FUNCIONALIDADE] ([ID_PERFIL], [ID_FUNCIONALIDADE])
VALUES 
  (1, 18)
GO

INSERT INTO [dbo].[PERFIL_FUNCIONALIDADE] ([ID_PERFIL], [ID_FUNCIONALIDADE])
VALUES 
  (1, 19)
GO

INSERT INTO [dbo].[PERFIL_FUNCIONALIDADE] ([ID_PERFIL], [ID_FUNCIONALIDADE])
VALUES 
  (1, 20)
GO

INSERT INTO [dbo].[PERFIL_FUNCIONALIDADE] ([ID_PERFIL], [ID_FUNCIONALIDADE])
VALUES 
  (1, 21)
GO

INSERT INTO [dbo].[PERFIL_FUNCIONALIDADE] ([ID_PERFIL], [ID_FUNCIONALIDADE])
VALUES 
  (1, 22)
GO

INSERT INTO [dbo].[PERFIL_FUNCIONALIDADE] ([ID_PERFIL], [ID_FUNCIONALIDADE])
VALUES 
  (1, 23)
GO

INSERT INTO [dbo].[PERFIL_FUNCIONALIDADE] ([ID_PERFIL], [ID_FUNCIONALIDADE])
VALUES 
  (1, 24)
GO

INSERT INTO [dbo].[PERFIL_FUNCIONALIDADE] ([ID_PERFIL], [ID_FUNCIONALIDADE])
VALUES 
  (1, 25)
GO

INSERT INTO [dbo].[PERFIL_FUNCIONALIDADE] ([ID_PERFIL], [ID_FUNCIONALIDADE])
VALUES 
  (1, 26)
GO

INSERT INTO [dbo].[PERFIL_FUNCIONALIDADE] ([ID_PERFIL], [ID_FUNCIONALIDADE])
VALUES 
  (1, 27)
GO

INSERT INTO [dbo].[PERFIL_FUNCIONALIDADE] ([ID_PERFIL], [ID_FUNCIONALIDADE])
VALUES 
  (1, 28)
GO

INSERT INTO [dbo].[PERFIL_FUNCIONALIDADE] ([ID_PERFIL], [ID_FUNCIONALIDADE])
VALUES 
  (1, 29)
GO

INSERT INTO [dbo].[PERFIL_FUNCIONALIDADE] ([ID_PERFIL], [ID_FUNCIONALIDADE])
VALUES 
  (1, 30)
GO

INSERT INTO [dbo].[PERFIL_FUNCIONALIDADE] ([ID_PERFIL], [ID_FUNCIONALIDADE])
VALUES 
  (1, 31)
GO

INSERT INTO [dbo].[PERFIL_FUNCIONALIDADE] ([ID_PERFIL], [ID_FUNCIONALIDADE])
VALUES 
  (1, 32)
GO

INSERT INTO [dbo].[PERFIL_FUNCIONALIDADE] ([ID_PERFIL], [ID_FUNCIONALIDADE])
VALUES 
  (1, 33)
GO

INSERT INTO [dbo].[PERFIL_FUNCIONALIDADE] ([ID_PERFIL], [ID_FUNCIONALIDADE])
VALUES 
  (1, 34)
GO

INSERT INTO [dbo].[PERFIL_FUNCIONALIDADE] ([ID_PERFIL], [ID_FUNCIONALIDADE])
VALUES 
  (1, 35)
GO

INSERT INTO [dbo].[PERFIL_FUNCIONALIDADE] ([ID_PERFIL], [ID_FUNCIONALIDADE])
VALUES 
  (1, 36)
GO

INSERT INTO [dbo].[PERFIL_FUNCIONALIDADE] ([ID_PERFIL], [ID_FUNCIONALIDADE])
VALUES 
  (1, 37)
GO

INSERT INTO [dbo].[PERFIL_FUNCIONALIDADE] ([ID_PERFIL], [ID_FUNCIONALIDADE])
VALUES 
  (1, 38)
GO

INSERT INTO [dbo].[PERFIL_FUNCIONALIDADE] ([ID_PERFIL], [ID_FUNCIONALIDADE])
VALUES 
  (1, 39)
GO

INSERT INTO [dbo].[PERFIL_FUNCIONALIDADE] ([ID_PERFIL], [ID_FUNCIONALIDADE])
VALUES 
  (1, 40)
GO

INSERT INTO [dbo].[PERFIL_FUNCIONALIDADE] ([ID_PERFIL], [ID_FUNCIONALIDADE])
VALUES 
  (1, 41)
GO

INSERT INTO [dbo].[PERFIL_FUNCIONALIDADE] ([ID_PERFIL], [ID_FUNCIONALIDADE])
VALUES 
  (1, 42)
GO

INSERT INTO [dbo].[PERFIL_FUNCIONALIDADE] ([ID_PERFIL], [ID_FUNCIONALIDADE])
VALUES 
  (1, 43)
GO

INSERT INTO [dbo].[PERFIL_FUNCIONALIDADE] ([ID_PERFIL], [ID_FUNCIONALIDADE])
VALUES 
  (1, 44)
GO

INSERT INTO [dbo].[PERFIL_FUNCIONALIDADE] ([ID_PERFIL], [ID_FUNCIONALIDADE])
VALUES 
  (1, 45)
GO

INSERT INTO [dbo].[PERFIL_FUNCIONALIDADE] ([ID_PERFIL], [ID_FUNCIONALIDADE])
VALUES 
  (1, 46)
GO

INSERT INTO [dbo].[PERFIL_FUNCIONALIDADE] ([ID_PERFIL], [ID_FUNCIONALIDADE])
VALUES 
  (1, 47)
GO

INSERT INTO [dbo].[PERFIL_FUNCIONALIDADE] ([ID_PERFIL], [ID_FUNCIONALIDADE])
VALUES 
  (1, 48)
GO

INSERT INTO [dbo].[PERFIL_FUNCIONALIDADE] ([ID_PERFIL], [ID_FUNCIONALIDADE])
VALUES 
  (1, 49)
GO

INSERT INTO [dbo].[PERFIL_FUNCIONALIDADE] ([ID_PERFIL], [ID_FUNCIONALIDADE])
VALUES 
  (1, 50)
GO

INSERT INTO [dbo].[PERFIL_FUNCIONALIDADE] ([ID_PERFIL], [ID_FUNCIONALIDADE])
VALUES 
  (1, 51)
GO

INSERT INTO [dbo].[PERFIL_FUNCIONALIDADE] ([ID_PERFIL], [ID_FUNCIONALIDADE])
VALUES 
  (1, 52)
GO

INSERT INTO [dbo].[PERFIL_FUNCIONALIDADE] ([ID_PERFIL], [ID_FUNCIONALIDADE])
VALUES 
  (1, 53)
GO

INSERT INTO [dbo].[PERFIL_FUNCIONALIDADE] ([ID_PERFIL], [ID_FUNCIONALIDADE])
VALUES 
  (1, 54)
GO

INSERT INTO [dbo].[PERFIL_FUNCIONALIDADE] ([ID_PERFIL], [ID_FUNCIONALIDADE])
VALUES 
  (1, 55)
GO

INSERT INTO [dbo].[PERFIL_FUNCIONALIDADE] ([ID_PERFIL], [ID_FUNCIONALIDADE])
VALUES 
  (1, 56)
GO

INSERT INTO [dbo].[PERFIL_FUNCIONALIDADE] ([ID_PERFIL], [ID_FUNCIONALIDADE])
VALUES 
  (1, 57)
GO

INSERT INTO [dbo].[PERFIL_FUNCIONALIDADE] ([ID_PERFIL], [ID_FUNCIONALIDADE])
VALUES 
  (1, 58)
GO

INSERT INTO [dbo].[PERFIL_FUNCIONALIDADE] ([ID_PERFIL], [ID_FUNCIONALIDADE])
VALUES 
  (1, 59)
GO

INSERT INTO [dbo].[PERFIL_FUNCIONALIDADE] ([ID_PERFIL], [ID_FUNCIONALIDADE])
VALUES 
  (1, 60)
GO

INSERT INTO [dbo].[PERFIL_FUNCIONALIDADE] ([ID_PERFIL], [ID_FUNCIONALIDADE])
VALUES 
  (1, 61)
GO

INSERT INTO [dbo].[PERFIL_FUNCIONALIDADE] ([ID_PERFIL], [ID_FUNCIONALIDADE])
VALUES 
  (1, 62)
GO

INSERT INTO [dbo].[PERFIL_FUNCIONALIDADE] ([ID_PERFIL], [ID_FUNCIONALIDADE])
VALUES 
  (1, 63)
GO

INSERT INTO [dbo].[PERFIL_FUNCIONALIDADE] ([ID_PERFIL], [ID_FUNCIONALIDADE])
VALUES 
  (1, 64)
GO

INSERT INTO [dbo].[PERFIL_FUNCIONALIDADE] ([ID_PERFIL], [ID_FUNCIONALIDADE])
VALUES 
  (1, 65)
GO

INSERT INTO [dbo].[PERFIL_FUNCIONALIDADE] ([ID_PERFIL], [ID_FUNCIONALIDADE])
VALUES 
  (1, 66)
GO

INSERT INTO [dbo].[PERFIL_FUNCIONALIDADE] ([ID_PERFIL], [ID_FUNCIONALIDADE])
VALUES 
  (1, 67)
GO

INSERT INTO [dbo].[PERFIL_FUNCIONALIDADE] ([ID_PERFIL], [ID_FUNCIONALIDADE])
VALUES 
  (1, 999)
GO

COMMIT
GO

--
-- Definition for foreign keys : 
--

ALTER TABLE [dbo].[FUNCIONALIDADE]
ADD CONSTRAINT [FK_FUNC_SUP_FUNCIONALIDADE] FOREIGN KEY ([ID_FUNC_SUPERIOR]) 
  REFERENCES [dbo].[FUNCIONALIDADE] ([ID]) 
  ON UPDATE NO ACTION
  ON DELETE NO ACTION
GO

ALTER TABLE [dbo].[FUNCIONALIDADE]
ADD CONSTRAINT [FK_FUNCIONALIDADE_FUNCIONALIDADE] FOREIGN KEY ([ID]) 
  REFERENCES [dbo].[FUNCIONALIDADE] ([ID]) 
  ON UPDATE NO ACTION
  ON DELETE NO ACTION
GO

ALTER TABLE [dbo].[PERFIL_FUNCIONALIDADE]
ADD CONSTRAINT [FK_FUNCIONALIDADE_PERFIL_FUNCIONALIDADE1] FOREIGN KEY ([ID_FUNCIONALIDADE]) 
  REFERENCES [dbo].[FUNCIONALIDADE] ([ID]) 
  ON UPDATE NO ACTION
  ON DELETE NO ACTION
GO

ALTER TABLE [dbo].[PERFIL_FUNCIONALIDADE]
ADD CONSTRAINT [FK_PERFIL_PERFIL_FUNCIONALIDADE] FOREIGN KEY ([ID_PERFIL]) 
  REFERENCES [dbo].[PERFIL_USUARIO] ([ID]) 
  ON UPDATE NO ACTION
  ON DELETE NO ACTION
GO

ALTER TABLE [dbo].[PERFIL_USUARIO]
ADD FOREIGN KEY ([ID_PERFIL_SUPERIOR]) 
  REFERENCES [dbo].[PERFIL_USUARIO] ([ID]) 
  ON UPDATE NO ACTION
  ON DELETE NO ACTION
GO

